{
  "O(1)": [
    1,
    1,
    1,
    1,
    1,
    1,
    1,
    1,
    1
  ],
  "O(log(n))": [
    0,
    0.6931471805599453,
    1.0986122886681096,
    1.3862943611198906,
    1.6094379124341003,
    1.791759469228055,
    1.9459101490553132,
    2.0794415416798357,
    2.1972245773362196
  ],
  "O(n)": [
    1,
    2,
    3,
    4,
    5,
    6,
    7,
    8,
    9
  ],
  "O(n*log(n))": [
    0,
    1.3862943611198906,
    3.2958368660043287,
    5.545177444479562,
    8.047189562170502,
    10.75055681536833,
    13.621371043387192,
    16.635532333438686,
    19.775021196025975
  ],
  "O(n^2)": [
    1,
    4,
    9,
    16,
    25,
    36,
    49,
    64,
    81
  ],
  "O(2^n)": [
    2,
    4,
    8,
    16,
    32,
    64,
    128,
    256,
    512
  ],
  "O(n!)": [
    1,
    2,
    6,
    24,
    120,
    720,
    5040,
    40320,
    362880
  ]
}